{
    "F1": 0.6121194106188994,
    "ROUGE-1": 0.7573666735685965,
    "ROUGE-L": 0.7565468221237452,
    "METEOR": 0.5728816423033875,
    "BERTScore": 0.9579845666885376,
    "YiSi": 0.897325509405285,
    "MoverScore": 0.702751473534103
}