{
    "F1": 0.5381618663499155,
    "ROUGE-1": 0.7156465640840641,
    "ROUGE-L": 0.7147002881377882,
    "METEOR": 0.5206494971882221,
    "BERTScore": 0.9507601857185364,
    "YiSi": 0.8809388317986196,
    "MoverScore": 0.6422278099573567
}