{
    "F1": 0.0,
    "ROUGE-1": 0.09286955171769769,
    "ROUGE-L": 0.09013890371352744,
    "METEOR": 0.13108317274867146,
    "BERTScore": 0.8256978392601013,
    "YiSi": 0.4422186128087852,
    "MoverScore": 0.09582286626407677
}