{
    "F1": 0.0,
    "ROUGE-1": 0.03816359328856214,
    "ROUGE-L": 0.03700290220808161,
    "METEOR": 0.07441178761142533,
    "BERTScore": 0.7931638956069946,
    "YiSi": 0.41487588626981836,
    "MoverScore": 0.09419808193607145
}