{
    "F1": 0.0,
    "ROUGE-1": 0.07833299585632482,
    "ROUGE-L": 0.0765113195216692,
    "METEOR": 0.10140110671406787,
    "BERTScore": 0.8257278203964233,
    "YiSi": 0.4474693307454463,
    "MoverScore": 0.09531781533176761
}