{"train/loss": 0.8278, "train/grad_norm": 11.977572441101074, "train/learning_rate": 2.9569892473118283e-06, "train/epoch": 3.0, "train/global_step": 744, "_timestamp": 1743914683.7211628, "_runtime": 59413.57426381111, "_step": 23, "train_runtime": 242.0143, "train_samples_per_second": 24.544, "train_steps_per_second": 3.074, "total_flos": 1810917280972800.0, "train_loss": 1.3947551583731046}