{
    "F1": 0.4643759628532392,
    "ROUGE-1": 0.5745318261984927,
    "ROUGE-L": 0.5745318261984927,
    "METEOR": 0.382825256823622,
    "BERTScore": 0.9428362846374512,
    "YiSi": 0.836099951418292,
    "MoverScore": 0.6009812395225475
}