{
    "F1": 0.4329930172504062,
    "ROUGE-1": 0.55008325008325,
    "ROUGE-L": 0.55008325008325,
    "METEOR": 0.35070302625502653,
    "BERTScore": 0.9382451176643372,
    "YiSi": 0.8272959115108529,
    "MoverScore": 0.5687265311415193
}