{
    "F1": 0.0,
    "ROUGE-1": 0.009651666339904143,
    "ROUGE-L": 0.00933122421475281,
    "METEOR": 0.014933012935760758,
    "BERTScore": 0.7813817858695984,
    "YiSi": 0.37210084349692646,
    "MoverScore": 0.09083501257948103
}