{
    "F1": 0.0,
    "ROUGE-1": 0.0161013371950139,
    "ROUGE-L": 0.015759585484583137,
    "METEOR": 0.017120080984808574,
    "BERTScore": 0.8186061382293701,
    "YiSi": 0.4141757118466886,
    "MoverScore": 0.09229545427037639
}